--- Fri Jan 30 07:50:25 AM EST 2026 post-receive ---
Already on 'master'
--- Fri Jan 30 08:07:24 AM EST 2026 post-receive ---
Already on 'master'
--- Fri Jan 30 08:30:37 AM EST 2026 post-receive ---
Already on 'master'
--- Fri Jan 30 09:12:19 AM EST 2026 post-receive ---
Already on 'master'
--- Fri Jan 30 09:49:36 AM EST 2026 post-receive ---
Already on 'master'
--- Fri Jan 30 10:22:38 AM EST 2026 post-receive ---
Already on 'master'
--- Fri Jan 30 10:42:02 AM EST 2026 post-receive ---
Already on 'master'
--- Fri Jan 30 11:50:19 AM EST 2026 post-receive ---
Already on 'master'
--- Sat Jan 31 11:54:50 AM EST 2026 post-receive ---
Already on 'master'
--- Sat Jan 31 12:13:14 PM EST 2026 post-receive ---
Already on 'master'
--- Sun Feb  1 03:58:56 PM EST 2026 post-receive ---
Already on 'master'
--- Sun Feb  1 04:21:27 PM EST 2026 post-receive ---
Already on 'master'
--- Sun Feb  1 10:42:34 PM EST 2026 post-receive ---
Already on 'master'
--- Sun Feb  1 11:02:21 PM EST 2026 post-receive ---
Already on 'master'
--- Sun Feb  1 11:24:10 PM EST 2026 post-receive ---
Already on 'master'
--- Sun Feb  1 11:42:09 PM EST 2026 post-receive ---
Already on 'master'
--- Sun Feb  1 11:55:50 PM EST 2026 post-receive ---
Already on 'master'
--- Mon Feb  2 12:03:02 AM EST 2026 post-receive ---
Already on 'master'
--- Mon Feb  2 12:15:42 AM EST 2026 post-receive ---
Already on 'master'
--- Mon Feb  2 12:18:52 AM EST 2026 post-receive ---
Already on 'master'
